{"parent":"minecraft:item/generated","textures":{"layer0":"minecraft:item/bread"},"overrides":[{"model":"reel:item/kettle_fish","predicate":{"custom_model_data":2}},{"model":"reel:item/cooked_kettle_fish","predicate":{"custom_model_data":3}},{"model":"reel:item/gilded_fish","predicate":{"custom_model_data":4}},{"model":"reel:item/cooked_gilded_fish","predicate":{"custom_model_data":5}},{"model":"reel:item/rose_eye","predicate":{"custom_model_data":6}},{"model":"reel:item/cooked_rose_eye","predicate":{"custom_model_data":7}},{"model":"reel:item/kelp_spine","predicate":{"custom_model_data":8}},{"model":"reel:item/cooked_kelp_spine","predicate":{"custom_model_data":9}},{"model":"reel:item/blunder","predicate":{"custom_model_data":10}},{"model":"reel:item/cooked_blunder","predicate":{"custom_model_data":11}},{"model":"reel:item/haliblock","predicate":{"custom_model_data":12}},{"model":"reel:item/cooked_haliblock","predicate":{"custom_model_data":13}},{"model":"reel:item/trawler_fish","predicate":{"custom_model_data":14}},{"model":"reel:item/cooked_trawler_fish","predicate":{"custom_model_data":15}},{"model":"reel:item/death_eel","predicate":{"custom_model_data":16}},{"model":"reel:item/cooked_death_eel","predicate":{"custom_model_data":17}},{"model":"reel:item/squish_fish","predicate":{"custom_model_data":18}},{"model":"reel:item/cooked_squish_fish","predicate":{"custom_model_data":19}},{"model":"reel:item/abyssal_glow_squid","predicate":{"custom_model_data":20}},{"model":"reel:item/cooked_abyssal_glow_squid","predicate":{"custom_model_data":21}},{"model":"reel:item/baby_oarfish","predicate":{"custom_model_data":22}},{"model":"reel:item/cooked_baby_oarfish","predicate":{"custom_model_data":23}},{"model":"reel:item/ritual_fish","predicate":{"custom_model_data":24}},{"model":"reel:item/cooked_ritual_fish","predicate":{"custom_model_data":25}},{"model":"reel:item/spike","predicate":{"custom_model_data":26}},{"model":"reel:item/cooked_spike","predicate":{"custom_model_data":27}},{"model":"reel:item/ice_cube_fish","predicate":{"custom_model_data":28}},{"model":"reel:item/jester_fish","predicate":{"custom_model_data":29}},{"model":"reel:item/cooked_jester_fish","predicate":{"custom_model_data":30}},{"model":"reel:item/manta_ray","predicate":{"custom_model_data":31}},{"model":"reel:item/cooked_manta_ray","predicate":{"custom_model_data":32}},{"model":"reel:item/lionfish","predicate":{"custom_model_data":33}},{"model":"reel:item/cooked_lionfish","predicate":{"custom_model_data":34}},{"model":"reel:item/bassalt","predicate":{"custom_model_data":35}},{"model":"reel:item/cooked_bassalt","predicate":{"custom_model_data":36}},{"model":"reel:item/crimson_croaker","predicate":{"custom_model_data":37}},{"model":"reel:item/cooked_crimson_croaker","predicate":{"custom_model_data":38}},{"model":"reel:item/warped_eel","predicate":{"custom_model_data":39}},{"model":"reel:item/cooked_warped_eel","predicate":{"custom_model_data":40}},{"model":"reel:item/tuna_melt","predicate":{"custom_model_data":41}}]}