{"parent":"item/handheld_rod","textures":{"layer0":"item/fishing_rod"},"overrides":[{"predicate":{"cast":1},"model":"item/fishing_rod_cast"},{"model":"reel:item/reel_bamboo_none_none","predicate":{"custom_model_data":2}},{"model":"reel:item/reel_bamboo_reel_bamboo_none","predicate":{"custom_model_data":3}},{"model":"reel:item/reel_bamboo_reel_bamboo_none_cast","predicate":{"custom_model_data":4}},{"model":"reel:item/reel_bamboo_reel_bamboo_reel_iron","predicate":{"custom_model_data":5}},{"model":"reel:item/reel_bamboo_reel_bamboo_reel_spiked","predicate":{"custom_model_data":6}},{"model":"reel:item/reel_bamboo_reel_bamboo_reel_weighted","predicate":{"custom_model_data":7}},{"model":"reel:item/reel_bamboo_reel_copper_none","predicate":{"custom_model_data":8}},{"model":"reel:item/reel_bamboo_reel_copper_none_cast","predicate":{"custom_model_data":9}},{"model":"reel:item/reel_bamboo_reel_copper_reel_iron","predicate":{"custom_model_data":10}},{"model":"reel:item/reel_bamboo_reel_copper_reel_spiked","predicate":{"custom_model_data":11}},{"model":"reel:item/reel_bamboo_reel_copper_reel_weighted","predicate":{"custom_model_data":12}},{"model":"reel:item/reel_bamboo_reel_wooden_none","predicate":{"custom_model_data":13}},{"model":"reel:item/reel_bamboo_reel_wooden_none_cast","predicate":{"custom_model_data":14}},{"model":"reel:item/reel_bamboo_reel_wooden_reel_iron","predicate":{"custom_model_data":15}},{"model":"reel:item/reel_bamboo_reel_wooden_reel_spiked","predicate":{"custom_model_data":16}},{"model":"reel:item/reel_bamboo_reel_wooden_reel_weighted","predicate":{"custom_model_data":17}},{"model":"reel:item/reel_cherry_none_none","predicate":{"custom_model_data":18}},{"model":"reel:item/reel_cherry_reel_bamboo_none","predicate":{"custom_model_data":19}},{"model":"reel:item/reel_cherry_reel_bamboo_none_cast","predicate":{"custom_model_data":20}},{"model":"reel:item/reel_cherry_reel_bamboo_reel_iron","predicate":{"custom_model_data":21}},{"model":"reel:item/reel_cherry_reel_bamboo_reel_spiked","predicate":{"custom_model_data":22}},{"model":"reel:item/reel_cherry_reel_bamboo_reel_weighted","predicate":{"custom_model_data":23}},{"model":"reel:item/reel_cherry_reel_copper_none","predicate":{"custom_model_data":24}},{"model":"reel:item/reel_cherry_reel_copper_none_cast","predicate":{"custom_model_data":25}},{"model":"reel:item/reel_cherry_reel_copper_reel_iron","predicate":{"custom_model_data":26}},{"model":"reel:item/reel_cherry_reel_copper_reel_spiked","predicate":{"custom_model_data":27}},{"model":"reel:item/reel_cherry_reel_copper_reel_weighted","predicate":{"custom_model_data":28}},{"model":"reel:item/reel_cherry_reel_wooden_none","predicate":{"custom_model_data":29}},{"model":"reel:item/reel_cherry_reel_wooden_none_cast","predicate":{"custom_model_data":30}},{"model":"reel:item/reel_cherry_reel_wooden_reel_iron","predicate":{"custom_model_data":31}},{"model":"reel:item/reel_cherry_reel_wooden_reel_spiked","predicate":{"custom_model_data":32}},{"model":"reel:item/reel_cherry_reel_wooden_reel_weighted","predicate":{"custom_model_data":33}},{"model":"reel:item/reel_crimson_none_none","predicate":{"custom_model_data":34}},{"model":"reel:item/reel_crimson_reel_bamboo_none","predicate":{"custom_model_data":35}},{"model":"reel:item/reel_crimson_reel_bamboo_none_cast","predicate":{"custom_model_data":36}},{"model":"reel:item/reel_crimson_reel_bamboo_reel_iron","predicate":{"custom_model_data":37}},{"model":"reel:item/reel_crimson_reel_bamboo_reel_spiked","predicate":{"custom_model_data":38}},{"model":"reel:item/reel_crimson_reel_bamboo_reel_weighted","predicate":{"custom_model_data":39}},{"model":"reel:item/reel_crimson_reel_copper_none","predicate":{"custom_model_data":40}},{"model":"reel:item/reel_crimson_reel_copper_none_cast","predicate":{"custom_model_data":41}},{"model":"reel:item/reel_crimson_reel_copper_reel_iron","predicate":{"custom_model_data":42}},{"model":"reel:item/reel_crimson_reel_copper_reel_spiked","predicate":{"custom_model_data":43}},{"model":"reel:item/reel_crimson_reel_copper_reel_weighted","predicate":{"custom_model_data":44}},{"model":"reel:item/reel_crimson_reel_wooden_none","predicate":{"custom_model_data":45}},{"model":"reel:item/reel_crimson_reel_wooden_none_cast","predicate":{"custom_model_data":46}},{"model":"reel:item/reel_crimson_reel_wooden_reel_iron","predicate":{"custom_model_data":47}},{"model":"reel:item/reel_crimson_reel_wooden_reel_spiked","predicate":{"custom_model_data":48}},{"model":"reel:item/reel_crimson_reel_wooden_reel_weighted","predicate":{"custom_model_data":49}},{"model":"reel:item/reel_dark_oak_none_none","predicate":{"custom_model_data":50}},{"model":"reel:item/reel_dark_oak_reel_bamboo_none","predicate":{"custom_model_data":51}},{"model":"reel:item/reel_dark_oak_reel_bamboo_none_cast","predicate":{"custom_model_data":52}},{"model":"reel:item/reel_dark_oak_reel_bamboo_reel_iron","predicate":{"custom_model_data":53}},{"model":"reel:item/reel_dark_oak_reel_bamboo_reel_spiked","predicate":{"custom_model_data":54}},{"model":"reel:item/reel_dark_oak_reel_bamboo_reel_weighted","predicate":{"custom_model_data":55}},{"model":"reel:item/reel_dark_oak_reel_copper_none","predicate":{"custom_model_data":56}},{"model":"reel:item/reel_dark_oak_reel_copper_none_cast","predicate":{"custom_model_data":57}},{"model":"reel:item/reel_dark_oak_reel_copper_reel_iron","predicate":{"custom_model_data":58}},{"model":"reel:item/reel_dark_oak_reel_copper_reel_spiked","predicate":{"custom_model_data":59}},{"model":"reel:item/reel_dark_oak_reel_copper_reel_weighted","predicate":{"custom_model_data":60}},{"model":"reel:item/reel_dark_oak_reel_wooden_none","predicate":{"custom_model_data":61}},{"model":"reel:item/reel_dark_oak_reel_wooden_none_cast","predicate":{"custom_model_data":62}},{"model":"reel:item/reel_dark_oak_reel_wooden_reel_iron","predicate":{"custom_model_data":63}},{"model":"reel:item/reel_dark_oak_reel_wooden_reel_spiked","predicate":{"custom_model_data":64}},{"model":"reel:item/reel_dark_oak_reel_wooden_reel_weighted","predicate":{"custom_model_data":65}},{"model":"reel:item/reel_mangrove_none_none","predicate":{"custom_model_data":66}},{"model":"reel:item/reel_mangrove_reel_bamboo_none","predicate":{"custom_model_data":67}},{"model":"reel:item/reel_mangrove_reel_bamboo_none_cast","predicate":{"custom_model_data":68}},{"model":"reel:item/reel_mangrove_reel_bamboo_reel_iron","predicate":{"custom_model_data":69}},{"model":"reel:item/reel_mangrove_reel_bamboo_reel_spiked","predicate":{"custom_model_data":70}},{"model":"reel:item/reel_mangrove_reel_bamboo_reel_weighted","predicate":{"custom_model_data":71}},{"model":"reel:item/reel_mangrove_reel_copper_none","predicate":{"custom_model_data":72}},{"model":"reel:item/reel_mangrove_reel_copper_none_cast","predicate":{"custom_model_data":73}},{"model":"reel:item/reel_mangrove_reel_copper_reel_iron","predicate":{"custom_model_data":74}},{"model":"reel:item/reel_mangrove_reel_copper_reel_spiked","predicate":{"custom_model_data":75}},{"model":"reel:item/reel_mangrove_reel_copper_reel_weighted","predicate":{"custom_model_data":76}},{"model":"reel:item/reel_mangrove_reel_wooden_none","predicate":{"custom_model_data":77}},{"model":"reel:item/reel_mangrove_reel_wooden_none_cast","predicate":{"custom_model_data":78}},{"model":"reel:item/reel_mangrove_reel_wooden_reel_iron","predicate":{"custom_model_data":79}},{"model":"reel:item/reel_mangrove_reel_wooden_reel_spiked","predicate":{"custom_model_data":80}},{"model":"reel:item/reel_mangrove_reel_wooden_reel_weighted","predicate":{"custom_model_data":81}},{"model":"reel:item/reel_jungle_none_none","predicate":{"custom_model_data":82}},{"model":"reel:item/reel_jungle_reel_bamboo_none","predicate":{"custom_model_data":83}},{"model":"reel:item/reel_jungle_reel_bamboo_none_cast","predicate":{"custom_model_data":84}},{"model":"reel:item/reel_jungle_reel_bamboo_reel_iron","predicate":{"custom_model_data":85}},{"model":"reel:item/reel_jungle_reel_bamboo_reel_spiked","predicate":{"custom_model_data":86}},{"model":"reel:item/reel_jungle_reel_bamboo_reel_weighted","predicate":{"custom_model_data":87}},{"model":"reel:item/reel_jungle_reel_copper_none","predicate":{"custom_model_data":88}},{"model":"reel:item/reel_jungle_reel_copper_none_cast","predicate":{"custom_model_data":89}},{"model":"reel:item/reel_jungle_reel_copper_reel_iron","predicate":{"custom_model_data":90}},{"model":"reel:item/reel_jungle_reel_copper_reel_spiked","predicate":{"custom_model_data":91}},{"model":"reel:item/reel_jungle_reel_copper_reel_weighted","predicate":{"custom_model_data":92}},{"model":"reel:item/reel_jungle_reel_wooden_none","predicate":{"custom_model_data":93}},{"model":"reel:item/reel_jungle_reel_wooden_none_cast","predicate":{"custom_model_data":94}},{"model":"reel:item/reel_jungle_reel_wooden_reel_iron","predicate":{"custom_model_data":95}},{"model":"reel:item/reel_jungle_reel_wooden_reel_spiked","predicate":{"custom_model_data":96}},{"model":"reel:item/reel_jungle_reel_wooden_reel_weighted","predicate":{"custom_model_data":97}},{"model":"reel:item/reel_oak_none_none","predicate":{"custom_model_data":98}},{"model":"reel:item/reel_oak_reel_bamboo_none","predicate":{"custom_model_data":99}},{"model":"reel:item/reel_oak_reel_bamboo_none_cast","predicate":{"custom_model_data":100}},{"model":"reel:item/reel_oak_reel_bamboo_reel_iron","predicate":{"custom_model_data":101}},{"model":"reel:item/reel_oak_reel_bamboo_reel_spiked","predicate":{"custom_model_data":102}},{"model":"reel:item/reel_oak_reel_bamboo_reel_weighted","predicate":{"custom_model_data":103}},{"model":"reel:item/reel_oak_reel_copper_none","predicate":{"custom_model_data":104}},{"model":"reel:item/reel_oak_reel_copper_none_cast","predicate":{"custom_model_data":105}},{"model":"reel:item/reel_oak_reel_copper_reel_iron","predicate":{"custom_model_data":106}},{"model":"reel:item/reel_oak_reel_copper_reel_spiked","predicate":{"custom_model_data":107}},{"model":"reel:item/reel_oak_reel_copper_reel_weighted","predicate":{"custom_model_data":108}},{"model":"reel:item/reel_oak_reel_wooden_none","predicate":{"custom_model_data":109}},{"model":"reel:item/reel_oak_reel_wooden_none_cast","predicate":{"custom_model_data":110}},{"model":"reel:item/reel_oak_reel_wooden_reel_iron","predicate":{"custom_model_data":111}},{"model":"reel:item/reel_oak_reel_wooden_reel_spiked","predicate":{"custom_model_data":112}},{"model":"reel:item/reel_oak_reel_wooden_reel_weighted","predicate":{"custom_model_data":113}},{"model":"reel:item/reel_birch_none_none","predicate":{"custom_model_data":114}},{"model":"reel:item/reel_birch_reel_bamboo_none","predicate":{"custom_model_data":115}},{"model":"reel:item/reel_birch_reel_bamboo_none_cast","predicate":{"custom_model_data":116}},{"model":"reel:item/reel_birch_reel_bamboo_reel_iron","predicate":{"custom_model_data":117}},{"model":"reel:item/reel_birch_reel_bamboo_reel_spiked","predicate":{"custom_model_data":118}},{"model":"reel:item/reel_birch_reel_bamboo_reel_weighted","predicate":{"custom_model_data":119}},{"model":"reel:item/reel_birch_reel_copper_none","predicate":{"custom_model_data":120}},{"model":"reel:item/reel_birch_reel_copper_none_cast","predicate":{"custom_model_data":121}},{"model":"reel:item/reel_birch_reel_copper_reel_iron","predicate":{"custom_model_data":122}},{"model":"reel:item/reel_birch_reel_copper_reel_spiked","predicate":{"custom_model_data":123}},{"model":"reel:item/reel_birch_reel_copper_reel_weighted","predicate":{"custom_model_data":124}},{"model":"reel:item/reel_birch_reel_wooden_none","predicate":{"custom_model_data":125}},{"model":"reel:item/reel_birch_reel_wooden_none_cast","predicate":{"custom_model_data":126}},{"model":"reel:item/reel_birch_reel_wooden_reel_iron","predicate":{"custom_model_data":127}},{"model":"reel:item/reel_birch_reel_wooden_reel_spiked","predicate":{"custom_model_data":128}},{"model":"reel:item/reel_birch_reel_wooden_reel_weighted","predicate":{"custom_model_data":129}},{"model":"reel:item/reel_spruce_none_none","predicate":{"custom_model_data":130}},{"model":"reel:item/reel_spruce_reel_bamboo_none","predicate":{"custom_model_data":131}},{"model":"reel:item/reel_spruce_reel_bamboo_none_cast","predicate":{"custom_model_data":132}},{"model":"reel:item/reel_spruce_reel_bamboo_reel_iron","predicate":{"custom_model_data":133}},{"model":"reel:item/reel_spruce_reel_bamboo_reel_spiked","predicate":{"custom_model_data":134}},{"model":"reel:item/reel_spruce_reel_bamboo_reel_weighted","predicate":{"custom_model_data":135}},{"model":"reel:item/reel_spruce_reel_copper_none","predicate":{"custom_model_data":136}},{"model":"reel:item/reel_spruce_reel_copper_none_cast","predicate":{"custom_model_data":137}},{"model":"reel:item/reel_spruce_reel_copper_reel_iron","predicate":{"custom_model_data":138}},{"model":"reel:item/reel_spruce_reel_copper_reel_spiked","predicate":{"custom_model_data":139}},{"model":"reel:item/reel_spruce_reel_copper_reel_weighted","predicate":{"custom_model_data":140}},{"model":"reel:item/reel_spruce_reel_wooden_none","predicate":{"custom_model_data":141}},{"model":"reel:item/reel_spruce_reel_wooden_none_cast","predicate":{"custom_model_data":142}},{"model":"reel:item/reel_spruce_reel_wooden_reel_iron","predicate":{"custom_model_data":143}},{"model":"reel:item/reel_spruce_reel_wooden_reel_spiked","predicate":{"custom_model_data":144}},{"model":"reel:item/reel_spruce_reel_wooden_reel_weighted","predicate":{"custom_model_data":145}},{"model":"reel:item/reel_acacia_none_none","predicate":{"custom_model_data":146}},{"model":"reel:item/reel_acacia_reel_bamboo_none","predicate":{"custom_model_data":147}},{"model":"reel:item/reel_acacia_reel_bamboo_none_cast","predicate":{"custom_model_data":148}},{"model":"reel:item/reel_acacia_reel_bamboo_reel_iron","predicate":{"custom_model_data":149}},{"model":"reel:item/reel_acacia_reel_bamboo_reel_spiked","predicate":{"custom_model_data":150}},{"model":"reel:item/reel_acacia_reel_bamboo_reel_weighted","predicate":{"custom_model_data":151}},{"model":"reel:item/reel_acacia_reel_copper_none","predicate":{"custom_model_data":152}},{"model":"reel:item/reel_acacia_reel_copper_none_cast","predicate":{"custom_model_data":153}},{"model":"reel:item/reel_acacia_reel_copper_reel_iron","predicate":{"custom_model_data":154}},{"model":"reel:item/reel_acacia_reel_copper_reel_spiked","predicate":{"custom_model_data":155}},{"model":"reel:item/reel_acacia_reel_copper_reel_weighted","predicate":{"custom_model_data":156}},{"model":"reel:item/reel_acacia_reel_wooden_none","predicate":{"custom_model_data":157}},{"model":"reel:item/reel_acacia_reel_wooden_none_cast","predicate":{"custom_model_data":158}},{"model":"reel:item/reel_acacia_reel_wooden_reel_iron","predicate":{"custom_model_data":159}},{"model":"reel:item/reel_acacia_reel_wooden_reel_spiked","predicate":{"custom_model_data":160}},{"model":"reel:item/reel_acacia_reel_wooden_reel_weighted","predicate":{"custom_model_data":161}},{"model":"reel:item/reel_warped_none_none","predicate":{"custom_model_data":162}},{"model":"reel:item/reel_warped_reel_bamboo_none","predicate":{"custom_model_data":163}},{"model":"reel:item/reel_warped_reel_bamboo_none_cast","predicate":{"custom_model_data":164}},{"model":"reel:item/reel_warped_reel_bamboo_reel_iron","predicate":{"custom_model_data":165}},{"model":"reel:item/reel_warped_reel_bamboo_reel_spiked","predicate":{"custom_model_data":166}},{"model":"reel:item/reel_warped_reel_bamboo_reel_weighted","predicate":{"custom_model_data":167}},{"model":"reel:item/reel_warped_reel_copper_none","predicate":{"custom_model_data":168}},{"model":"reel:item/reel_warped_reel_copper_none_cast","predicate":{"custom_model_data":169}},{"model":"reel:item/reel_warped_reel_copper_reel_iron","predicate":{"custom_model_data":170}},{"model":"reel:item/reel_warped_reel_copper_reel_spiked","predicate":{"custom_model_data":171}},{"model":"reel:item/reel_warped_reel_copper_reel_weighted","predicate":{"custom_model_data":172}},{"model":"reel:item/reel_warped_reel_wooden_none","predicate":{"custom_model_data":173}},{"model":"reel:item/reel_warped_reel_wooden_none_cast","predicate":{"custom_model_data":174}},{"model":"reel:item/reel_warped_reel_wooden_reel_iron","predicate":{"custom_model_data":175}},{"model":"reel:item/reel_warped_reel_wooden_reel_spiked","predicate":{"custom_model_data":176}},{"model":"reel:item/reel_warped_reel_wooden_reel_weighted","predicate":{"custom_model_data":177}}]}