{"parent":"minecraft:item/generated","textures":{"layer0":"minecraft:item/paper"},"overrides":[{"model":"reel:item/oak_rod","predicate":{"custom_model_data":2}},{"model":"reel:item/spruce_rod","predicate":{"custom_model_data":3}},{"model":"reel:item/acacia_rod","predicate":{"custom_model_data":4}},{"model":"reel:item/birch_rod","predicate":{"custom_model_data":5}},{"model":"reel:item/dark_oak_rod","predicate":{"custom_model_data":6}},{"model":"reel:item/jungle_rod","predicate":{"custom_model_data":7}},{"model":"reel:item/cherry_rod","predicate":{"custom_model_data":8}},{"model":"reel:item/mangrove_rod","predicate":{"custom_model_data":9}},{"model":"reel:item/bamboo_rod","predicate":{"custom_model_data":10}},{"model":"reel:item/crimson_rod","predicate":{"custom_model_data":11}},{"model":"reel:item/warped_rod","predicate":{"custom_model_data":12}},{"model":"reel:item/wooden_reel","predicate":{"custom_model_data":13}},{"model":"reel:item/bamboo_reel","predicate":{"custom_model_data":14}},{"model":"reel:item/copper_reel","predicate":{"custom_model_data":15}},{"model":"reel:item/iron_hook","predicate":{"custom_model_data":16}},{"model":"reel:item/spiked_hook","predicate":{"custom_model_data":17}},{"model":"reel:item/weighted_hook","predicate":{"custom_model_data":18}},{"model":"reel:item/fish_bones","predicate":{"custom_model_data":19}},{"model":"reel:item/bonework_mechanism","predicate":{"custom_model_data":20}},{"model":"reel:gui/assemble","predicate":{"custom_model_data":21}},{"model":"reel:gui/disassemble","predicate":{"custom_model_data":22}},{"model":"reel:gui/cursor","predicate":{"custom_model_data":23}},{"model":"reel:gui/fish","predicate":{"custom_model_data":24}},{"model":"reel:gui/water_bar","predicate":{"custom_model_data":25}},{"model":"reel:gui/escape_bar","predicate":{"custom_model_data":26}},{"model":"reel:gui/dual_pattern","predicate":{"custom_model_data":27}},{"model":"reel:gui/quad_pattern","predicate":{"custom_model_data":28}},{"model":"reel:gui/half_pattern","predicate":{"custom_model_data":29}},{"model":"reel:gui/single_pattern","predicate":{"custom_model_data":30}},{"model":"reel:gui/tri_pattern","predicate":{"custom_model_data":31}},{"model":"reel:gui/rod_40_pattern","predicate":{"custom_model_data":32}},{"model":"reel:gui/rod_90_pattern","predicate":{"custom_model_data":33}},{"model":"reel:gui/rod_180_pattern","predicate":{"custom_model_data":34}},{"model":"reel:gui/rod_double_pattern","predicate":{"custom_model_data":35}},{"model":"reel:gui/rod_center_pattern","predicate":{"custom_model_data":36}},{"model":"reel:gui/rod_cross_pattern","predicate":{"custom_model_data":37}},{"model":"reel:gui/rod_warped_pattern","predicate":{"custom_model_data":38}},{"model":"reel:gui/rod_empty_pattern","predicate":{"custom_model_data":39}}]}