{"bread":{"reel:item/kettle_fish":2,"reel:item/cooked_kettle_fish":3,"reel:item/gilded_fish":4,"reel:item/cooked_gilded_fish":5,"reel:item/rose_eye":6,"reel:item/cooked_rose_eye":7,"reel:item/kelp_spine":8,"reel:item/cooked_kelp_spine":9,"reel:item/blunder":10,"reel:item/cooked_blunder":11,"reel:item/haliblock":12,"reel:item/cooked_haliblock":13,"reel:item/trawler_fish":14,"reel:item/cooked_trawler_fish":15,"reel:item/death_eel":16,"reel:item/cooked_death_eel":17,"reel:item/squish_fish":18,"reel:item/cooked_squish_fish":19,"reel:item/abyssal_glow_squid":20,"reel:item/cooked_abyssal_glow_squid":21,"reel:item/baby_oarfish":22,"reel:item/cooked_baby_oarfish":23,"reel:item/ritual_fish":24,"reel:item/cooked_ritual_fish":25,"reel:item/spike":26,"reel:item/cooked_spike":27,"reel:item/ice_cube_fish":28,"reel:item/jester_fish":29,"reel:item/cooked_jester_fish":30,"reel:item/manta_ray":31,"reel:item/cooked_manta_ray":32,"reel:item/lionfish":33,"reel:item/cooked_lionfish":34,"reel:item/bassalt":35,"reel:item/cooked_bassalt":36,"reel:item/crimson_croaker":37,"reel:item/cooked_crimson_croaker":38,"reel:item/warped_eel":39,"reel:item/cooked_warped_eel":40,"reel:item/tuna_melt":41},"fishing_rod":{"reel:item/reel_bamboo_none_none":2,"reel:item/reel_bamboo_reel_bamboo_none":3,"reel:item/reel_bamboo_reel_bamboo_none_cast":4,"reel:item/reel_bamboo_reel_bamboo_reel_iron":5,"reel:item/reel_bamboo_reel_bamboo_reel_spiked":6,"reel:item/reel_bamboo_reel_bamboo_reel_weighted":7,"reel:item/reel_bamboo_reel_copper_none":8,"reel:item/reel_bamboo_reel_copper_none_cast":9,"reel:item/reel_bamboo_reel_copper_reel_iron":10,"reel:item/reel_bamboo_reel_copper_reel_spiked":11,"reel:item/reel_bamboo_reel_copper_reel_weighted":12,"reel:item/reel_bamboo_reel_wooden_none":13,"reel:item/reel_bamboo_reel_wooden_none_cast":14,"reel:item/reel_bamboo_reel_wooden_reel_iron":15,"reel:item/reel_bamboo_reel_wooden_reel_spiked":16,"reel:item/reel_bamboo_reel_wooden_reel_weighted":17,"reel:item/reel_cherry_none_none":18,"reel:item/reel_cherry_reel_bamboo_none":19,"reel:item/reel_cherry_reel_bamboo_none_cast":20,"reel:item/reel_cherry_reel_bamboo_reel_iron":21,"reel:item/reel_cherry_reel_bamboo_reel_spiked":22,"reel:item/reel_cherry_reel_bamboo_reel_weighted":23,"reel:item/reel_cherry_reel_copper_none":24,"reel:item/reel_cherry_reel_copper_none_cast":25,"reel:item/reel_cherry_reel_copper_reel_iron":26,"reel:item/reel_cherry_reel_copper_reel_spiked":27,"reel:item/reel_cherry_reel_copper_reel_weighted":28,"reel:item/reel_cherry_reel_wooden_none":29,"reel:item/reel_cherry_reel_wooden_none_cast":30,"reel:item/reel_cherry_reel_wooden_reel_iron":31,"reel:item/reel_cherry_reel_wooden_reel_spiked":32,"reel:item/reel_cherry_reel_wooden_reel_weighted":33,"reel:item/reel_crimson_none_none":34,"reel:item/reel_crimson_reel_bamboo_none":35,"reel:item/reel_crimson_reel_bamboo_none_cast":36,"reel:item/reel_crimson_reel_bamboo_reel_iron":37,"reel:item/reel_crimson_reel_bamboo_reel_spiked":38,"reel:item/reel_crimson_reel_bamboo_reel_weighted":39,"reel:item/reel_crimson_reel_copper_none":40,"reel:item/reel_crimson_reel_copper_none_cast":41,"reel:item/reel_crimson_reel_copper_reel_iron":42,"reel:item/reel_crimson_reel_copper_reel_spiked":43,"reel:item/reel_crimson_reel_copper_reel_weighted":44,"reel:item/reel_crimson_reel_wooden_none":45,"reel:item/reel_crimson_reel_wooden_none_cast":46,"reel:item/reel_crimson_reel_wooden_reel_iron":47,"reel:item/reel_crimson_reel_wooden_reel_spiked":48,"reel:item/reel_crimson_reel_wooden_reel_weighted":49,"reel:item/reel_dark_oak_none_none":50,"reel:item/reel_dark_oak_reel_bamboo_none":51,"reel:item/reel_dark_oak_reel_bamboo_none_cast":52,"reel:item/reel_dark_oak_reel_bamboo_reel_iron":53,"reel:item/reel_dark_oak_reel_bamboo_reel_spiked":54,"reel:item/reel_dark_oak_reel_bamboo_reel_weighted":55,"reel:item/reel_dark_oak_reel_copper_none":56,"reel:item/reel_dark_oak_reel_copper_none_cast":57,"reel:item/reel_dark_oak_reel_copper_reel_iron":58,"reel:item/reel_dark_oak_reel_copper_reel_spiked":59,"reel:item/reel_dark_oak_reel_copper_reel_weighted":60,"reel:item/reel_dark_oak_reel_wooden_none":61,"reel:item/reel_dark_oak_reel_wooden_none_cast":62,"reel:item/reel_dark_oak_reel_wooden_reel_iron":63,"reel:item/reel_dark_oak_reel_wooden_reel_spiked":64,"reel:item/reel_dark_oak_reel_wooden_reel_weighted":65,"reel:item/reel_mangrove_none_none":66,"reel:item/reel_mangrove_reel_bamboo_none":67,"reel:item/reel_mangrove_reel_bamboo_none_cast":68,"reel:item/reel_mangrove_reel_bamboo_reel_iron":69,"reel:item/reel_mangrove_reel_bamboo_reel_spiked":70,"reel:item/reel_mangrove_reel_bamboo_reel_weighted":71,"reel:item/reel_mangrove_reel_copper_none":72,"reel:item/reel_mangrove_reel_copper_none_cast":73,"reel:item/reel_mangrove_reel_copper_reel_iron":74,"reel:item/reel_mangrove_reel_copper_reel_spiked":75,"reel:item/reel_mangrove_reel_copper_reel_weighted":76,"reel:item/reel_mangrove_reel_wooden_none":77,"reel:item/reel_mangrove_reel_wooden_none_cast":78,"reel:item/reel_mangrove_reel_wooden_reel_iron":79,"reel:item/reel_mangrove_reel_wooden_reel_spiked":80,"reel:item/reel_mangrove_reel_wooden_reel_weighted":81,"reel:item/reel_jungle_none_none":82,"reel:item/reel_jungle_reel_bamboo_none":83,"reel:item/reel_jungle_reel_bamboo_none_cast":84,"reel:item/reel_jungle_reel_bamboo_reel_iron":85,"reel:item/reel_jungle_reel_bamboo_reel_spiked":86,"reel:item/reel_jungle_reel_bamboo_reel_weighted":87,"reel:item/reel_jungle_reel_copper_none":88,"reel:item/reel_jungle_reel_copper_none_cast":89,"reel:item/reel_jungle_reel_copper_reel_iron":90,"reel:item/reel_jungle_reel_copper_reel_spiked":91,"reel:item/reel_jungle_reel_copper_reel_weighted":92,"reel:item/reel_jungle_reel_wooden_none":93,"reel:item/reel_jungle_reel_wooden_none_cast":94,"reel:item/reel_jungle_reel_wooden_reel_iron":95,"reel:item/reel_jungle_reel_wooden_reel_spiked":96,"reel:item/reel_jungle_reel_wooden_reel_weighted":97,"reel:item/reel_oak_none_none":98,"reel:item/reel_oak_reel_bamboo_none":99,"reel:item/reel_oak_reel_bamboo_none_cast":100,"reel:item/reel_oak_reel_bamboo_reel_iron":101,"reel:item/reel_oak_reel_bamboo_reel_spiked":102,"reel:item/reel_oak_reel_bamboo_reel_weighted":103,"reel:item/reel_oak_reel_copper_none":104,"reel:item/reel_oak_reel_copper_none_cast":105,"reel:item/reel_oak_reel_copper_reel_iron":106,"reel:item/reel_oak_reel_copper_reel_spiked":107,"reel:item/reel_oak_reel_copper_reel_weighted":108,"reel:item/reel_oak_reel_wooden_none":109,"reel:item/reel_oak_reel_wooden_none_cast":110,"reel:item/reel_oak_reel_wooden_reel_iron":111,"reel:item/reel_oak_reel_wooden_reel_spiked":112,"reel:item/reel_oak_reel_wooden_reel_weighted":113,"reel:item/reel_birch_none_none":114,"reel:item/reel_birch_reel_bamboo_none":115,"reel:item/reel_birch_reel_bamboo_none_cast":116,"reel:item/reel_birch_reel_bamboo_reel_iron":117,"reel:item/reel_birch_reel_bamboo_reel_spiked":118,"reel:item/reel_birch_reel_bamboo_reel_weighted":119,"reel:item/reel_birch_reel_copper_none":120,"reel:item/reel_birch_reel_copper_none_cast":121,"reel:item/reel_birch_reel_copper_reel_iron":122,"reel:item/reel_birch_reel_copper_reel_spiked":123,"reel:item/reel_birch_reel_copper_reel_weighted":124,"reel:item/reel_birch_reel_wooden_none":125,"reel:item/reel_birch_reel_wooden_none_cast":126,"reel:item/reel_birch_reel_wooden_reel_iron":127,"reel:item/reel_birch_reel_wooden_reel_spiked":128,"reel:item/reel_birch_reel_wooden_reel_weighted":129,"reel:item/reel_spruce_none_none":130,"reel:item/reel_spruce_reel_bamboo_none":131,"reel:item/reel_spruce_reel_bamboo_none_cast":132,"reel:item/reel_spruce_reel_bamboo_reel_iron":133,"reel:item/reel_spruce_reel_bamboo_reel_spiked":134,"reel:item/reel_spruce_reel_bamboo_reel_weighted":135,"reel:item/reel_spruce_reel_copper_none":136,"reel:item/reel_spruce_reel_copper_none_cast":137,"reel:item/reel_spruce_reel_copper_reel_iron":138,"reel:item/reel_spruce_reel_copper_reel_spiked":139,"reel:item/reel_spruce_reel_copper_reel_weighted":140,"reel:item/reel_spruce_reel_wooden_none":141,"reel:item/reel_spruce_reel_wooden_none_cast":142,"reel:item/reel_spruce_reel_wooden_reel_iron":143,"reel:item/reel_spruce_reel_wooden_reel_spiked":144,"reel:item/reel_spruce_reel_wooden_reel_weighted":145,"reel:item/reel_acacia_none_none":146,"reel:item/reel_acacia_reel_bamboo_none":147,"reel:item/reel_acacia_reel_bamboo_none_cast":148,"reel:item/reel_acacia_reel_bamboo_reel_iron":149,"reel:item/reel_acacia_reel_bamboo_reel_spiked":150,"reel:item/reel_acacia_reel_bamboo_reel_weighted":151,"reel:item/reel_acacia_reel_copper_none":152,"reel:item/reel_acacia_reel_copper_none_cast":153,"reel:item/reel_acacia_reel_copper_reel_iron":154,"reel:item/reel_acacia_reel_copper_reel_spiked":155,"reel:item/reel_acacia_reel_copper_reel_weighted":156,"reel:item/reel_acacia_reel_wooden_none":157,"reel:item/reel_acacia_reel_wooden_none_cast":158,"reel:item/reel_acacia_reel_wooden_reel_iron":159,"reel:item/reel_acacia_reel_wooden_reel_spiked":160,"reel:item/reel_acacia_reel_wooden_reel_weighted":161,"reel:item/reel_warped_none_none":162,"reel:item/reel_warped_reel_bamboo_none":163,"reel:item/reel_warped_reel_bamboo_none_cast":164,"reel:item/reel_warped_reel_bamboo_reel_iron":165,"reel:item/reel_warped_reel_bamboo_reel_spiked":166,"reel:item/reel_warped_reel_bamboo_reel_weighted":167,"reel:item/reel_warped_reel_copper_none":168,"reel:item/reel_warped_reel_copper_none_cast":169,"reel:item/reel_warped_reel_copper_reel_iron":170,"reel:item/reel_warped_reel_copper_reel_spiked":171,"reel:item/reel_warped_reel_copper_reel_weighted":172,"reel:item/reel_warped_reel_wooden_none":173,"reel:item/reel_warped_reel_wooden_none_cast":174,"reel:item/reel_warped_reel_wooden_reel_iron":175,"reel:item/reel_warped_reel_wooden_reel_spiked":176,"reel:item/reel_warped_reel_wooden_reel_weighted":177},"paper":{"reel:item/oak_rod":2,"reel:item/spruce_rod":3,"reel:item/acacia_rod":4,"reel:item/birch_rod":5,"reel:item/dark_oak_rod":6,"reel:item/jungle_rod":7,"reel:item/cherry_rod":8,"reel:item/mangrove_rod":9,"reel:item/bamboo_rod":10,"reel:item/crimson_rod":11,"reel:item/warped_rod":12,"reel:item/wooden_reel":13,"reel:item/bamboo_reel":14,"reel:item/copper_reel":15,"reel:item/iron_hook":16,"reel:item/spiked_hook":17,"reel:item/weighted_hook":18,"reel:item/fish_bones":19,"reel:item/bonework_mechanism":20,"reel:gui/assemble":21,"reel:gui/disassemble":22,"reel:gui/cursor":23,"reel:gui/fish":24,"reel:gui/water_bar":25,"reel:gui/escape_bar":26,"reel:gui/dual_pattern":27,"reel:gui/quad_pattern":28,"reel:gui/half_pattern":29,"reel:gui/single_pattern":30,"reel:gui/tri_pattern":31,"reel:gui/rod_40_pattern":32,"reel:gui/rod_90_pattern":33,"reel:gui/rod_180_pattern":34,"reel:gui/rod_double_pattern":35,"reel:gui/rod_center_pattern":36,"reel:gui/rod_cross_pattern":37,"reel:gui/rod_warped_pattern":38,"reel:gui/rod_empty_pattern":39},"smithing_table":{"reel:item/rod_table":2}}