{
	"type": "minecraft:cave",
	"config": {
		"debug_settings": {
			"air_state": {
				"Name": "minecraft:crimson_button",
				"Properties": {
					"face": "wall",
					"facing": "north",
					"powered": "false"
				}
			},
			"barrier_state": {
				"Name": "minecraft:glass"
			},
			"lava_state": {
				"Name": "minecraft:orange_stained_glass"
			},
			"water_state": {
				"Name": "minecraft:candle",
				"Properties": {
					"candles": "1",
					"lit": "false",
					"waterlogged": "false"
				}
			}
		},
		"floor_level": {
			"type": "minecraft:uniform",
			"value": {
				"max_exclusive": -0.4,
				"min_inclusive": -1
			}
		},
		"horizontal_radius_multiplier": {
			"type": "minecraft:uniform",
			"value": {
				"max_exclusive": 1.4,
				"min_inclusive": 0.7
			}
		},
		"lava_level": {
			"above_bottom": 8
		},
		"probability": 0,
		"replaceable": "#minecraft:overworld_carver_replaceables",
		"vertical_radius_multiplier": {
			"type": "minecraft:uniform",
			"value": {
				"max_exclusive": 1.3,
				"min_inclusive": 0.8
			}
		},
		"y": {
			"type": "minecraft:uniform",
			"max_inclusive": {
				"absolute": 180
			},
			"min_inclusive": {
				"above_bottom": 8
			}
		},
		"yScale": {
			"type": "minecraft:uniform",
			"value": {
				"max_exclusive": 0.9,
				"min_inclusive": 0.1
			}
		}
	}
}
